cost_center,account,period,version,amount
CC1000,400000,2025-10,Budget,31911.99
CC1000,400000,2025-11,Budget,32231.11
CC1000,400000,2025-12,Budget,32550.23
CC1000,400000,2026-01,Budget,32869.35
CC1000,400000,2026-02,Budget,33188.47
CC1000,400000,2026-03,Budget,33507.59
CC1000,400000,2026-04,Budget,33826.71
CC1000,400000,2026-05,Budget,34145.83
CC1000,400000,2026-06,Budget,34464.95
CC1000,400000,2026-07,Budget,34784.07
CC1000,400000,2026-08,Budget,35103.19
CC1000,400000,2026-09,Budget,35422.31
CC1000,410000,2025-10,Budget,45151.31
CC1000,410000,2025-11,Budget,45602.82
CC1000,410000,2025-12,Budget,46054.34
CC1000,410000,2026-01,Budget,46505.85
CC1000,410000,2026-02,Budget,46957.36
CC1000,410000,2026-03,Budget,47408.88
CC1000,410000,2026-04,Budget,47860.39
CC1000,410000,2026-05,Budget,48311.9
CC1000,410000,2026-06,Budget,48763.42
CC1000,410000,2026-07,Budget,49214.93
CC1000,410000,2026-08,Budget,49666.44
CC1000,410000,2026-09,Budget,50117.95
CC1000,500000,2025-10,Budget,30505.58
CC1000,500000,2025-11,Budget,30810.63
CC1000,500000,2025-12,Budget,31115.69
CC1000,500000,2026-01,Budget,31420.75
CC1000,500000,2026-02,Budget,31725.8
CC1000,500000,2026-03,Budget,32030.86
CC1000,500000,2026-04,Budget,32335.91
CC1000,500000,2026-05,Budget,32640.97
CC1000,500000,2026-06,Budget,32946.02
CC1000,500000,2026-07,Budget,33251.08
CC1000,500000,2026-08,Budget,33556.14
CC1000,500000,2026-09,Budget,33861.19
CC1000,600000,2025-10,Budget,25813.48
CC1000,600000,2025-11,Budget,26071.61
CC1000,600000,2025-12,Budget,26329.75
CC1000,600000,2026-01,Budget,26587.88
CC1000,600000,2026-02,Budget,26846.02
CC1000,600000,2026-03,Budget,27104.15
CC1000,600000,2026-04,Budget,27362.29
CC1000,600000,2026-05,Budget,27620.42
CC1000,600000,2026-06,Budget,27878.56
CC1000,600000,2026-07,Budget,28136.69
CC1000,600000,2026-08,Budget,28394.83
CC1000,600000,2026-09,Budget,28652.96
CC1000,610000,2025-10,Budget,11884.2
CC1000,610000,2025-11,Budget,12003.04
CC1000,610000,2025-12,Budget,12121.88
CC1000,610000,2026-01,Budget,12240.73
CC1000,610000,2026-02,Budget,12359.57
CC1000,610000,2026-03,Budget,12478.41
CC1000,610000,2026-04,Budget,12597.25
CC1000,610000,2026-05,Budget,12716.09
CC1000,610000,2026-06,Budget,12834.94
CC1000,610000,2026-07,Budget,12953.78
CC1000,610000,2026-08,Budget,13072.62
CC1000,610000,2026-09,Budget,13191.46
CC1000,620000,2025-10,Budget,30406.95
CC1000,620000,2025-11,Budget,30711.02
CC1000,620000,2025-12,Budget,31015.09
CC1000,620000,2026-01,Budget,31319.16
CC1000,620000,2026-02,Budget,31623.23
CC1000,620000,2026-03,Budget,31927.3
CC1000,620000,2026-04,Budget,32231.37
CC1000,620000,2026-05,Budget,32535.44
CC1000,620000,2026-06,Budget,32839.51
CC1000,620000,2026-07,Budget,33143.58
CC1000,620000,2026-08,Budget,33447.65
CC1000,620000,2026-09,Budget,33751.71
CC1000,630000,2025-10,Budget,29377.96
CC1000,630000,2025-11,Budget,29671.74
CC1000,630000,2025-12,Budget,29965.52
CC1000,630000,2026-01,Budget,30259.3
CC1000,630000,2026-02,Budget,30553.08
CC1000,630000,2026-03,Budget,30846.86
CC1000,630000,2026-04,Budget,31140.64
CC1000,630000,2026-05,Budget,31434.42
CC1000,630000,2026-06,Budget,31728.2
CC1000,630000,2026-07,Budget,32021.98
CC1000,630000,2026-08,Budget,32315.76
CC1000,630000,2026-09,Budget,32609.54
CC1000,640000,2025-10,Budget,15429.31
CC1000,640000,2025-11,Budget,15583.6
CC1000,640000,2025-12,Budget,15737.89
CC1000,640000,2026-01,Budget,15892.19
CC1000,640000,2026-02,Budget,16046.48
CC1000,640000,2026-03,Budget,16200.77
CC1000,640000,2026-04,Budget,16355.07
CC1000,640000,2026-05,Budget,16509.36
CC1000,640000,2026-06,Budget,16663.65
CC1000,640000,2026-07,Budget,16817.94
CC1000,640000,2026-08,Budget,16972.24
CC1000,640000,2026-09,Budget,17126.53
CC1010,400000,2025-10,Budget,74476.64
CC1010,400000,2025-11,Budget,75221.41
CC1010,400000,2025-12,Budget,75966.18
CC1010,400000,2026-01,Budget,76710.94
CC1010,400000,2026-02,Budget,77455.71
CC1010,400000,2026-03,Budget,78200.48
CC1010,400000,2026-04,Budget,78945.24
CC1010,400000,2026-05,Budget,79690.01
CC1010,400000,2026-06,Budget,80434.78
CC1010,400000,2026-07,Budget,81179.54
CC1010,400000,2026-08,Budget,81924.31
CC1010,400000,2026-09,Budget,82669.07
CC1010,410000,2025-10,Budget,61573.74
CC1010,410000,2025-11,Budget,62189.48
CC1010,410000,2025-12,Budget,62805.21
CC1010,410000,2026-01,Budget,63420.95
CC1010,410000,2026-02,Budget,64036.69
CC1010,410000,2026-03,Budget,64652.43
CC1010,410000,2026-04,Budget,65268.16
CC1010,410000,2026-05,Budget,65883.9
CC1010,410000,2026-06,Budget,66499.64
CC1010,410000,2026-07,Budget,67115.38
CC1010,410000,2026-08,Budget,67731.11
CC1010,410000,2026-09,Budget,68346.85
CC1010,500000,2025-10,Budget,6168.35
CC1010,500000,2025-11,Budget,6230.04
CC1010,500000,2025-12,Budget,6291.72
CC1010,500000,2026-01,Budget,6353.4
CC1010,500000,2026-02,Budget,6415.09
CC1010,500000,2026-03,Budget,6476.77
CC1010,500000,2026-04,Budget,6538.45
CC1010,500000,2026-05,Budget,6600.14
CC1010,500000,2026-06,Budget,6661.82
CC1010,500000,2026-07,Budget,6723.5
CC1010,500000,2026-08,Budget,6785.19
CC1010,500000,2026-09,Budget,6846.87
CC1010,600000,2025-10,Budget,4389.4
CC1010,600000,2025-11,Budget,4433.3
CC1010,600000,2025-12,Budget,4477.19
CC1010,600000,2026-01,Budget,4521.09
CC1010,600000,2026-02,Budget,4564.98
CC1010,600000,2026-03,Budget,4608.88
CC1010,600000,2026-04,Budget,4652.77
CC1010,600000,2026-05,Budget,4696.66
CC1010,600000,2026-06,Budget,4740.56
CC1010,600000,2026-07,Budget,4784.45
CC1010,600000,2026-08,Budget,4828.35
CC1010,600000,2026-09,Budget,4872.24
CC1010,610000,2025-10,Budget,35379.32
CC1010,610000,2025-11,Budget,35733.11
CC1010,610000,2025-12,Budget,36086.91
CC1010,610000,2026-01,Budget,36440.7
CC1010,610000,2026-02,Budget,36794.49
CC1010,610000,2026-03,Budget,37148.29
CC1010,610000,2026-04,Budget,37502.08
CC1010,610000,2026-05,Budget,37855.87
CC1010,610000,2026-06,Budget,38209.67
CC1010,610000,2026-07,Budget,38563.46
CC1010,610000,2026-08,Budget,38917.25
CC1010,610000,2026-09,Budget,39271.05
CC1010,620000,2025-10,Budget,6278.71
CC1010,620000,2025-11,Budget,6341.5
CC1010,620000,2025-12,Budget,6404.28
CC1010,620000,2026-01,Budget,6467.07
CC1010,620000,2026-02,Budget,6529.86
CC1010,620000,2026-03,Budget,6592.64
CC1010,620000,2026-04,Budget,6655.43
CC1010,620000,2026-05,Budget,6718.22
CC1010,620000,2026-06,Budget,6781.01
CC1010,620000,2026-07,Budget,6843.79
CC1010,620000,2026-08,Budget,6906.58
CC1010,620000,2026-09,Budget,6969.37
CC1010,630000,2025-10,Budget,2887.76
CC1010,630000,2025-11,Budget,2916.63
CC1010,630000,2025-12,Budget,2945.51
CC1010,630000,2026-01,Budget,2974.39
CC1010,630000,2026-02,Budget,3003.27
CC1010,630000,2026-03,Budget,3032.14
CC1010,630000,2026-04,Budget,3061.02
CC1010,630000,2026-05,Budget,3089.9
CC1010,630000,2026-06,Budget,3118.78
CC1010,630000,2026-07,Budget,3147.65
CC1010,630000,2026-08,Budget,3176.53
CC1010,630000,2026-09,Budget,3205.41
CC1010,640000,2025-10,Budget,34760.07
CC1010,640000,2025-11,Budget,35107.67
CC1010,640000,2025-12,Budget,35455.27
CC1010,640000,2026-01,Budget,35802.87
CC1010,640000,2026-02,Budget,36150.47
CC1010,640000,2026-03,Budget,36498.07
CC1010,640000,2026-04,Budget,36845.67
CC1010,640000,2026-05,Budget,37193.28
CC1010,640000,2026-06,Budget,37540.88
CC1010,640000,2026-07,Budget,37888.48
CC1010,640000,2026-08,Budget,38236.08
CC1010,640000,2026-09,Budget,38583.68
CC2000,600000,2025-10,Budget,28689.25
CC2000,600000,2025-11,Budget,28976.14
CC2000,600000,2025-12,Budget,29263.03
CC2000,600000,2026-01,Budget,29549.92
CC2000,600000,2026-02,Budget,29836.82
CC2000,600000,2026-03,Budget,30123.71
CC2000,600000,2026-04,Budget,30410.6
CC2000,600000,2026-05,Budget,30697.49
CC2000,600000,2026-06,Budget,30984.39
CC2000,600000,2026-07,Budget,31271.28
CC2000,600000,2026-08,Budget,31558.17
CC2000,600000,2026-09,Budget,31845.06
CC2000,610000,2025-10,Budget,29837.89
CC2000,610000,2025-11,Budget,30136.26
CC2000,610000,2025-12,Budget,30434.64
CC2000,610000,2026-01,Budget,30733.02
CC2000,610000,2026-02,Budget,31031.4
CC2000,610000,2026-03,Budget,31329.78
CC2000,610000,2026-04,Budget,31628.16
CC2000,610000,2026-05,Budget,31926.54
CC2000,610000,2026-06,Budget,32224.92
CC2000,610000,2026-07,Budget,32523.29
CC2000,610000,2026-08,Budget,32821.67
CC2000,610000,2026-09,Budget,33120.05
CC2000,620000,2025-10,Budget,21615.23
CC2000,620000,2025-11,Budget,21831.39
CC2000,620000,2025-12,Budget,22047.54
CC2000,620000,2026-01,Budget,22263.69
CC2000,620000,2026-02,Budget,22479.84
CC2000,620000,2026-03,Budget,22696.0
CC2000,620000,2026-04,Budget,22912.15
CC2000,620000,2026-05,Budget,23128.3
CC2000,620000,2026-06,Budget,23344.45
CC2000,620000,2026-07,Budget,23560.61
CC2000,620000,2026-08,Budget,23776.76
CC2000,620000,2026-09,Budget,23992.91
CC2000,630000,2025-10,Budget,36560.98
CC2000,630000,2025-11,Budget,36926.59
CC2000,630000,2025-12,Budget,37292.2
CC2000,630000,2026-01,Budget,37657.81
CC2000,630000,2026-02,Budget,38023.42
CC2000,630000,2026-03,Budget,38389.03
CC2000,630000,2026-04,Budget,38754.64
CC2000,630000,2026-05,Budget,39120.25
CC2000,630000,2026-06,Budget,39485.86
CC2000,630000,2026-07,Budget,39851.47
CC2000,630000,2026-08,Budget,40217.08
CC2000,630000,2026-09,Budget,40582.69
CC2000,640000,2025-10,Budget,10366.49
CC2000,640000,2025-11,Budget,10470.15
CC2000,640000,2025-12,Budget,10573.82
CC2000,640000,2026-01,Budget,10677.48
CC2000,640000,2026-02,Budget,10781.15
CC2000,640000,2026-03,Budget,10884.81
CC2000,640000,2026-04,Budget,10988.48
CC2000,640000,2026-05,Budget,11092.14
CC2000,640000,2026-06,Budget,11195.81
CC2000,640000,2026-07,Budget,11299.47
CC2000,640000,2026-08,Budget,11403.14
CC2000,640000,2026-09,Budget,11506.8
CC3000,600000,2025-10,Budget,19406.43
CC3000,600000,2025-11,Budget,19600.49
CC3000,600000,2025-12,Budget,19794.56
CC3000,600000,2026-01,Budget,19988.62
CC3000,600000,2026-02,Budget,20182.69
CC3000,600000,2026-03,Budget,20376.75
CC3000,600000,2026-04,Budget,20570.82
CC3000,600000,2026-05,Budget,20764.88
CC3000,600000,2026-06,Budget,20958.94
CC3000,600000,2026-07,Budget,21153.01
CC3000,600000,2026-08,Budget,21347.07
CC3000,600000,2026-09,Budget,21541.14
CC3000,610000,2025-10,Budget,17755.65
CC3000,610000,2025-11,Budget,17933.21
CC3000,610000,2025-12,Budget,18110.77
CC3000,610000,2026-01,Budget,18288.32
CC3000,610000,2026-02,Budget,18465.88
CC3000,610000,2026-03,Budget,18643.44
CC3000,610000,2026-04,Budget,18820.99
CC3000,610000,2026-05,Budget,18998.55
CC3000,610000,2026-06,Budget,19176.11
CC3000,610000,2026-07,Budget,19353.66
CC3000,610000,2026-08,Budget,19531.22
CC3000,610000,2026-09,Budget,19708.78
CC3000,620000,2025-10,Budget,10337.36
CC3000,620000,2025-11,Budget,10440.74
CC3000,620000,2025-12,Budget,10544.11
CC3000,620000,2026-01,Budget,10647.48
CC3000,620000,2026-02,Budget,10750.86
CC3000,620000,2026-03,Budget,10854.23
CC3000,620000,2026-04,Budget,10957.61
CC3000,620000,2026-05,Budget,11060.98
CC3000,620000,2026-06,Budget,11164.35
CC3000,620000,2026-07,Budget,11267.73
CC3000,620000,2026-08,Budget,11371.1
CC3000,620000,2026-09,Budget,11474.47
CC3000,630000,2025-10,Budget,33880.51
CC3000,630000,2025-11,Budget,34219.31
CC3000,630000,2025-12,Budget,34558.12
CC3000,630000,2026-01,Budget,34896.92
CC3000,630000,2026-02,Budget,35235.73
CC3000,630000,2026-03,Budget,35574.53
CC3000,630000,2026-04,Budget,35913.34
CC3000,630000,2026-05,Budget,36252.14
CC3000,630000,2026-06,Budget,36590.95
CC3000,630000,2026-07,Budget,36929.75
CC3000,630000,2026-08,Budget,37268.56
CC3000,630000,2026-09,Budget,37607.36
CC3000,640000,2025-10,Budget,21366.1
CC3000,640000,2025-11,Budget,21579.76
CC3000,640000,2025-12,Budget,21793.42
CC3000,640000,2026-01,Budget,22007.08
CC3000,640000,2026-02,Budget,22220.74
CC3000,640000,2026-03,Budget,22434.4
CC3000,640000,2026-04,Budget,22648.06
CC3000,640000,2026-05,Budget,22861.72
CC3000,640000,2026-06,Budget,23075.38
CC3000,640000,2026-07,Budget,23289.05
CC3000,640000,2026-08,Budget,23502.71
CC3000,640000,2026-09,Budget,23716.37
CC3010,600000,2025-10,Budget,12285.95
CC3010,600000,2025-11,Budget,12408.81
CC3010,600000,2025-12,Budget,12531.67
CC3010,600000,2026-01,Budget,12654.53
CC3010,600000,2026-02,Budget,12777.39
CC3010,600000,2026-03,Budget,12900.25
CC3010,600000,2026-04,Budget,13023.11
CC3010,600000,2026-05,Budget,13145.97
CC3010,600000,2026-06,Budget,13268.82
CC3010,600000,2026-07,Budget,13391.68
CC3010,600000,2026-08,Budget,13514.54
CC3010,600000,2026-09,Budget,13637.4
CC3010,610000,2025-10,Budget,8801.48
CC3010,610000,2025-11,Budget,8889.49
CC3010,610000,2025-12,Budget,8977.51
CC3010,610000,2026-01,Budget,9065.52
CC3010,610000,2026-02,Budget,9153.54
CC3010,610000,2026-03,Budget,9241.55
CC3010,610000,2026-04,Budget,9329.57
CC3010,610000,2026-05,Budget,9417.58
CC3010,610000,2026-06,Budget,9505.6
CC3010,610000,2026-07,Budget,9593.61
CC3010,610000,2026-08,Budget,9681.63
CC3010,610000,2026-09,Budget,9769.64
CC3010,620000,2025-10,Budget,2287.46
CC3010,620000,2025-11,Budget,2310.33
CC3010,620000,2025-12,Budget,2333.21
CC3010,620000,2026-01,Budget,2356.08
CC3010,620000,2026-02,Budget,2378.96
CC3010,620000,2026-03,Budget,2401.83
CC3010,620000,2026-04,Budget,2424.71
CC3010,620000,2026-05,Budget,2447.58
CC3010,620000,2026-06,Budget,2470.45
CC3010,620000,2026-07,Budget,2493.33
CC3010,620000,2026-08,Budget,2516.2
CC3010,620000,2026-09,Budget,2539.08
CC3010,630000,2025-10,Budget,38800.36
CC3010,630000,2025-11,Budget,39188.36
CC3010,630000,2025-12,Budget,39576.37
CC3010,630000,2026-01,Budget,39964.37
CC3010,630000,2026-02,Budget,40352.37
CC3010,630000,2026-03,Budget,40740.38
CC3010,630000,2026-04,Budget,41128.38
CC3010,630000,2026-05,Budget,41516.38
CC3010,630000,2026-06,Budget,41904.39
CC3010,630000,2026-07,Budget,42292.39
CC3010,630000,2026-08,Budget,42680.4
CC3010,630000,2026-09,Budget,43068.4
CC3010,640000,2025-10,Budget,12910.43
CC3010,640000,2025-11,Budget,13039.54
CC3010,640000,2025-12,Budget,13168.64
CC3010,640000,2026-01,Budget,13297.74
CC3010,640000,2026-02,Budget,13426.85
CC3010,640000,2026-03,Budget,13555.95
CC3010,640000,2026-04,Budget,13685.06
CC3010,640000,2026-05,Budget,13814.16
CC3010,640000,2026-06,Budget,13943.27
CC3010,640000,2026-07,Budget,14072.37
CC3010,640000,2026-08,Budget,14201.48
CC3010,640000,2026-09,Budget,14330.58
CC4000,600000,2025-10,Budget,22151.83
CC4000,600000,2025-11,Budget,22373.35
CC4000,600000,2025-12,Budget,22594.86
CC4000,600000,2026-01,Budget,22816.38
CC4000,600000,2026-02,Budget,23037.9
CC4000,600000,2026-03,Budget,23259.42
CC4000,600000,2026-04,Budget,23480.94
CC4000,600000,2026-05,Budget,23702.46
CC4000,600000,2026-06,Budget,23923.97
CC4000,600000,2026-07,Budget,24145.49
CC4000,600000,2026-08,Budget,24367.01
CC4000,600000,2026-09,Budget,24588.53
CC4000,610000,2025-10,Budget,4702.76
CC4000,610000,2025-11,Budget,4749.79
CC4000,610000,2025-12,Budget,4796.82
CC4000,610000,2026-01,Budget,4843.84
CC4000,610000,2026-02,Budget,4890.87
CC4000,610000,2026-03,Budget,4937.9
CC4000,610000,2026-04,Budget,4984.93
CC4000,610000,2026-05,Budget,5031.96
CC4000,610000,2026-06,Budget,5078.98
CC4000,610000,2026-07,Budget,5126.01
CC4000,610000,2026-08,Budget,5173.04
CC4000,610000,2026-09,Budget,5220.07
CC4000,620000,2025-10,Budget,37926.64
CC4000,620000,2025-11,Budget,38305.91
CC4000,620000,2025-12,Budget,38685.18
CC4000,620000,2026-01,Budget,39064.44
CC4000,620000,2026-02,Budget,39443.71
CC4000,620000,2026-03,Budget,39822.98
CC4000,620000,2026-04,Budget,40202.24
CC4000,620000,2026-05,Budget,40581.51
CC4000,620000,2026-06,Budget,40960.77
CC4000,620000,2026-07,Budget,41340.04
CC4000,620000,2026-08,Budget,41719.31
CC4000,620000,2026-09,Budget,42098.57
CC4000,630000,2025-10,Budget,17234.84
CC4000,630000,2025-11,Budget,17407.19
CC4000,630000,2025-12,Budget,17579.54
CC4000,630000,2026-01,Budget,17751.88
CC4000,630000,2026-02,Budget,17924.23
CC4000,630000,2026-03,Budget,18096.58
CC4000,630000,2026-04,Budget,18268.93
CC4000,630000,2026-05,Budget,18441.28
CC4000,630000,2026-06,Budget,18613.63
CC4000,630000,2026-07,Budget,18785.97
CC4000,630000,2026-08,Budget,18958.32
CC4000,630000,2026-09,Budget,19130.67
CC4000,640000,2025-10,Budget,21588.58
CC4000,640000,2025-11,Budget,21804.46
CC4000,640000,2025-12,Budget,22020.35
CC4000,640000,2026-01,Budget,22236.23
CC4000,640000,2026-02,Budget,22452.12
CC4000,640000,2026-03,Budget,22668.01
CC4000,640000,2026-04,Budget,22883.89
CC4000,640000,2026-05,Budget,23099.78
CC4000,640000,2026-06,Budget,23315.66
CC4000,640000,2026-07,Budget,23531.55
CC4000,640000,2026-08,Budget,23747.43
CC4000,640000,2026-09,Budget,23963.32
CC4010,600000,2025-10,Budget,4022.48
CC4010,600000,2025-11,Budget,4062.7
CC4010,600000,2025-12,Budget,4102.93
CC4010,600000,2026-01,Budget,4143.15
CC4010,600000,2026-02,Budget,4183.38
CC4010,600000,2026-03,Budget,4223.6
CC4010,600000,2026-04,Budget,4263.83
CC4010,600000,2026-05,Budget,4304.05
CC4010,600000,2026-06,Budget,4344.27
CC4010,600000,2026-07,Budget,4384.5
CC4010,600000,2026-08,Budget,4424.72
CC4010,600000,2026-09,Budget,4464.95
CC4010,610000,2025-10,Budget,34781.63
CC4010,610000,2025-11,Budget,35129.45
CC4010,610000,2025-12,Budget,35477.26
CC4010,610000,2026-01,Budget,35825.08
CC4010,610000,2026-02,Budget,36172.89
CC4010,610000,2026-03,Budget,36520.71
CC4010,610000,2026-04,Budget,36868.53
CC4010,610000,2026-05,Budget,37216.34
CC4010,610000,2026-06,Budget,37564.16
CC4010,610000,2026-07,Budget,37911.98
CC4010,610000,2026-08,Budget,38259.79
CC4010,610000,2026-09,Budget,38607.61
CC4010,620000,2025-10,Budget,11300.83
CC4010,620000,2025-11,Budget,11413.83
CC4010,620000,2025-12,Budget,11526.84
CC4010,620000,2026-01,Budget,11639.85
CC4010,620000,2026-02,Budget,11752.86
CC4010,620000,2026-03,Budget,11865.87
CC4010,620000,2026-04,Budget,11978.87
CC4010,620000,2026-05,Budget,12091.88
CC4010,620000,2026-06,Budget,12204.89
CC4010,620000,2026-07,Budget,12317.9
CC4010,620000,2026-08,Budget,12430.91
CC4010,620000,2026-09,Budget,12543.92
CC4010,630000,2025-10,Budget,11578.02
CC4010,630000,2025-11,Budget,11693.8
CC4010,630000,2025-12,Budget,11809.58
CC4010,630000,2026-01,Budget,11925.36
CC4010,630000,2026-02,Budget,12041.14
CC4010,630000,2026-03,Budget,12156.92
CC4010,630000,2026-04,Budget,12272.7
CC4010,630000,2026-05,Budget,12388.48
CC4010,630000,2026-06,Budget,12504.26
CC4010,630000,2026-07,Budget,12620.04
CC4010,630000,2026-08,Budget,12735.82
CC4010,630000,2026-09,Budget,12851.6
CC4010,640000,2025-10,Budget,25271.63
CC4010,640000,2025-11,Budget,25524.35
CC4010,640000,2025-12,Budget,25777.07
CC4010,640000,2026-01,Budget,26029.78
CC4010,640000,2026-02,Budget,26282.5
CC4010,640000,2026-03,Budget,26535.22
CC4010,640000,2026-04,Budget,26787.93
CC4010,640000,2026-05,Budget,27040.65
CC4010,640000,2026-06,Budget,27293.36
CC4010,640000,2026-07,Budget,27546.08
CC4010,640000,2026-08,Budget,27798.8
CC4010,640000,2026-09,Budget,28051.51
CC5000,500000,2025-10,Budget,11217.48
CC5000,500000,2025-11,Budget,11329.65
CC5000,500000,2025-12,Budget,11441.83
CC5000,500000,2026-01,Budget,11554.0
CC5000,500000,2026-02,Budget,11666.18
CC5000,500000,2026-03,Budget,11778.35
CC5000,500000,2026-04,Budget,11890.53
CC5000,500000,2026-05,Budget,12002.7
CC5000,500000,2026-06,Budget,12114.88
CC5000,500000,2026-07,Budget,12227.05
CC5000,500000,2026-08,Budget,12339.22
CC5000,500000,2026-09,Budget,12451.4
CC5000,600000,2025-10,Budget,37963.75
CC5000,600000,2025-11,Budget,38343.39
CC5000,600000,2025-12,Budget,38723.03
CC5000,600000,2026-01,Budget,39102.67
CC5000,600000,2026-02,Budget,39482.3
CC5000,600000,2026-03,Budget,39861.94
CC5000,600000,2026-04,Budget,40241.58
CC5000,600000,2026-05,Budget,40621.22
CC5000,600000,2026-06,Budget,41000.85
CC5000,600000,2026-07,Budget,41380.49
CC5000,600000,2026-08,Budget,41760.13
CC5000,600000,2026-09,Budget,42139.77
CC5000,610000,2025-10,Budget,25475.4
CC5000,610000,2025-11,Budget,25730.16
CC5000,610000,2025-12,Budget,25984.91
CC5000,610000,2026-01,Budget,26239.66
CC5000,610000,2026-02,Budget,26494.42
CC5000,610000,2026-03,Budget,26749.17
CC5000,610000,2026-04,Budget,27003.93
CC5000,610000,2026-05,Budget,27258.68
CC5000,610000,2026-06,Budget,27513.43
CC5000,610000,2026-07,Budget,27768.19
CC5000,610000,2026-08,Budget,28022.94
CC5000,610000,2026-09,Budget,28277.7
CC5000,620000,2025-10,Budget,5782.67
CC5000,620000,2025-11,Budget,5840.5
CC5000,620000,2025-12,Budget,5898.32
CC5000,620000,2026-01,Budget,5956.15
CC5000,620000,2026-02,Budget,6013.98
CC5000,620000,2026-03,Budget,6071.8
CC5000,620000,2026-04,Budget,6129.63
CC5000,620000,2026-05,Budget,6187.46
CC5000,620000,2026-06,Budget,6245.28
CC5000,620000,2026-07,Budget,6303.11
CC5000,620000,2026-08,Budget,6360.94
CC5000,620000,2026-09,Budget,6418.76
CC5000,630000,2025-10,Budget,20071.82
CC5000,630000,2025-11,Budget,20272.54
CC5000,630000,2025-12,Budget,20473.26
CC5000,630000,2026-01,Budget,20673.98
CC5000,630000,2026-02,Budget,20874.7
CC5000,630000,2026-03,Budget,21075.42
CC5000,630000,2026-04,Budget,21276.13
CC5000,630000,2026-05,Budget,21476.85
CC5000,630000,2026-06,Budget,21677.57
CC5000,630000,2026-07,Budget,21878.29
CC5000,630000,2026-08,Budget,22079.01
CC5000,630000,2026-09,Budget,22279.73
CC5000,640000,2025-10,Budget,25476.9
CC5000,640000,2025-11,Budget,25731.67
CC5000,640000,2025-12,Budget,25986.44
CC5000,640000,2026-01,Budget,26241.21
CC5000,640000,2026-02,Budget,26495.98
CC5000,640000,2026-03,Budget,26750.75
CC5000,640000,2026-04,Budget,27005.51
CC5000,640000,2026-05,Budget,27260.28
CC5000,640000,2026-06,Budget,27515.05
CC5000,640000,2026-07,Budget,27769.82
CC5000,640000,2026-08,Budget,28024.59
CC5000,640000,2026-09,Budget,28279.36
CC5010,500000,2025-10,Budget,13829.1
CC5010,500000,2025-11,Budget,13967.39
CC5010,500000,2025-12,Budget,14105.68
CC5010,500000,2026-01,Budget,14243.97
CC5010,500000,2026-02,Budget,14382.26
CC5010,500000,2026-03,Budget,14520.55
CC5010,500000,2026-04,Budget,14658.84
CC5010,500000,2026-05,Budget,14797.13
CC5010,500000,2026-06,Budget,14935.42
CC5010,500000,2026-07,Budget,15073.71
CC5010,500000,2026-08,Budget,15212.0
CC5010,500000,2026-09,Budget,15350.3
CC5010,600000,2025-10,Budget,16681.11
CC5010,600000,2025-11,Budget,16847.92
CC5010,600000,2025-12,Budget,17014.73
CC5010,600000,2026-01,Budget,17181.55
CC5010,600000,2026-02,Budget,17348.36
CC5010,600000,2026-03,Budget,17515.17
CC5010,600000,2026-04,Budget,17681.98
CC5010,600000,2026-05,Budget,17848.79
CC5010,600000,2026-06,Budget,18015.6
CC5010,600000,2026-07,Budget,18182.41
CC5010,600000,2026-08,Budget,18349.22
CC5010,600000,2026-09,Budget,18516.03
CC5010,610000,2025-10,Budget,37535.46
CC5010,610000,2025-11,Budget,37910.82
CC5010,610000,2025-12,Budget,38286.17
CC5010,610000,2026-01,Budget,38661.53
CC5010,610000,2026-02,Budget,39036.88
CC5010,610000,2026-03,Budget,39412.24
CC5010,610000,2026-04,Budget,39787.59
CC5010,610000,2026-05,Budget,40162.94
CC5010,610000,2026-06,Budget,40538.3
CC5010,610000,2026-07,Budget,40913.65
CC5010,610000,2026-08,Budget,41289.01
CC5010,610000,2026-09,Budget,41664.36
CC5010,620000,2025-10,Budget,31275.89
CC5010,620000,2025-11,Budget,31588.65
CC5010,620000,2025-12,Budget,31901.41
CC5010,620000,2026-01,Budget,32214.16
CC5010,620000,2026-02,Budget,32526.92
CC5010,620000,2026-03,Budget,32839.68
CC5010,620000,2026-04,Budget,33152.44
CC5010,620000,2026-05,Budget,33465.2
CC5010,620000,2026-06,Budget,33777.96
CC5010,620000,2026-07,Budget,34090.72
CC5010,620000,2026-08,Budget,34403.48
CC5010,620000,2026-09,Budget,34716.24
CC5010,630000,2025-10,Budget,32257.82
CC5010,630000,2025-11,Budget,32580.4
CC5010,630000,2025-12,Budget,32902.98
CC5010,630000,2026-01,Budget,33225.56
CC5010,630000,2026-02,Budget,33548.14
CC5010,630000,2026-03,Budget,33870.72
CC5010,630000,2026-04,Budget,34193.29
CC5010,630000,2026-05,Budget,34515.87
CC5010,630000,2026-06,Budget,34838.45
CC5010,630000,2026-07,Budget,35161.03
CC5010,630000,2026-08,Budget,35483.61
CC5010,630000,2026-09,Budget,35806.18
CC5010,640000,2025-10,Budget,22484.23
CC5010,640000,2025-11,Budget,22709.07
CC5010,640000,2025-12,Budget,22933.92
CC5010,640000,2026-01,Budget,23158.76
CC5010,640000,2026-02,Budget,23383.6
CC5010,640000,2026-03,Budget,23608.44
CC5010,640000,2026-04,Budget,23833.29
CC5010,640000,2026-05,Budget,24058.13
CC5010,640000,2026-06,Budget,24282.97
CC5010,640000,2026-07,Budget,24507.81
CC5010,640000,2026-08,Budget,24732.65
CC5010,640000,2026-09,Budget,24957.5
CC6000,600000,2025-10,Budget,22305.16
CC6000,600000,2025-11,Budget,22528.21
CC6000,600000,2025-12,Budget,22751.26
CC6000,600000,2026-01,Budget,22974.31
CC6000,600000,2026-02,Budget,23197.37
CC6000,600000,2026-03,Budget,23420.42
CC6000,600000,2026-04,Budget,23643.47
CC6000,600000,2026-05,Budget,23866.52
CC6000,600000,2026-06,Budget,24089.57
CC6000,600000,2026-07,Budget,24312.62
CC6000,600000,2026-08,Budget,24535.68
CC6000,600000,2026-09,Budget,24758.73
CC6000,610000,2025-10,Budget,37186.72
CC6000,610000,2025-11,Budget,37558.59
CC6000,610000,2025-12,Budget,37930.46
CC6000,610000,2026-01,Budget,38302.32
CC6000,610000,2026-02,Budget,38674.19
CC6000,610000,2026-03,Budget,39046.06
CC6000,610000,2026-04,Budget,39417.93
CC6000,610000,2026-05,Budget,39789.79
CC6000,610000,2026-06,Budget,40161.66
CC6000,610000,2026-07,Budget,40533.53
CC6000,610000,2026-08,Budget,40905.4
CC6000,610000,2026-09,Budget,41277.26
CC6000,620000,2025-10,Budget,28218.52
CC6000,620000,2025-11,Budget,28500.7
CC6000,620000,2025-12,Budget,28782.89
CC6000,620000,2026-01,Budget,29065.07
CC6000,620000,2026-02,Budget,29347.26
CC6000,620000,2026-03,Budget,29629.44
CC6000,620000,2026-04,Budget,29911.63
CC6000,620000,2026-05,Budget,30193.81
CC6000,620000,2026-06,Budget,30476.0
CC6000,620000,2026-07,Budget,30758.18
CC6000,620000,2026-08,Budget,31040.37
CC6000,620000,2026-09,Budget,31322.55
CC6000,630000,2025-10,Budget,34760.3
CC6000,630000,2025-11,Budget,35107.9
CC6000,630000,2025-12,Budget,35455.5
CC6000,630000,2026-01,Budget,35803.1
CC6000,630000,2026-02,Budget,36150.71
CC6000,630000,2026-03,Budget,36498.31
CC6000,630000,2026-04,Budget,36845.91
CC6000,630000,2026-05,Budget,37193.52
CC6000,630000,2026-06,Budget,37541.12
CC6000,630000,2026-07,Budget,37888.72
CC6000,630000,2026-08,Budget,38236.32
CC6000,630000,2026-09,Budget,38583.93
CC6000,640000,2025-10,Budget,18435.75
CC6000,640000,2025-11,Budget,18620.11
CC6000,640000,2025-12,Budget,18804.46
CC6000,640000,2026-01,Budget,18988.82
CC6000,640000,2026-02,Budget,19173.18
CC6000,640000,2026-03,Budget,19357.54
CC6000,640000,2026-04,Budget,19541.89
CC6000,640000,2026-05,Budget,19726.25
CC6000,640000,2026-06,Budget,19910.61
CC6000,640000,2026-07,Budget,20094.96
CC6000,640000,2026-08,Budget,20279.32
CC6000,640000,2026-09,Budget,20463.68
